id_sample,plot,sample_name,repetition,genotype,experiment,season,treatment_1,measurment,sampling_identifier
1_A_ACRE-Biomass_Early planting date_y22_Plant height_Sampling-2,1,A,3,PI594301,ACRE-Biomass,y22,Early planting date,Plant height,Sampling-2
1_B_ACRE-Biomass_Early planting date_y22_Plant height_Sampling-2,1,B,3,PI594301,ACRE-Biomass,y22,Early planting date,Plant height,Sampling-2
1_C_ACRE-Biomass_Early planting date_y22_Plant height_Sampling-2,1,C,3,PI594301,ACRE-Biomass,y22,Early planting date,Plant height,Sampling-2
1_D_ACRE-Biomass_Early planting date_y22_Plant height_Sampling-2,1,D,3,PI594301,ACRE-Biomass,y22,Early planting date,Plant height,Sampling-2
2_A_ACRE-Biomass_Early planting date_y22_Plant height_Sampling-2,2,A,23,LD-07-3395bf,ACRE-Biomass,y22,Early planting date,Plant height,Sampling-2
2_B_ACRE-Biomass_Early planting date_y22_Plant height_Sampling-2,2,B,23,LD-07-3395bf,ACRE-Biomass,y22,Early planting date,Plant height,Sampling-2
2_C_ACRE-Biomass_Early planting date_y22_Plant height_Sampling-2,2,C,23,LD-07-3395bf,ACRE-Biomass,y22,Early planting date,Plant height,Sampling-2
2_D_ACRE-Biomass_Early planting date_y22_Plant height_Sampling-2,2,D,23,LD-07-3395bf,ACRE-Biomass,y22,Early planting date,Plant height,Sampling-2
3_A_ACRE-Biomass_Early planting date_y22_Plant height_Sampling-2,3,A,18,SA1730464,ACRE-Biomass,y22,Early planting date,Plant height,Sampling-2
3_B_ACRE-Biomass_Early planting date_y22_Plant height_Sampling-2,3,B,18,SA1730464,ACRE-Biomass,y22,Early planting date,Plant height,Sampling-2
3_C_ACRE-Biomass_Early planting date_y22_Plant height_Sampling-2,3,C,18,SA1730464,ACRE-Biomass,y22,Early planting date,Plant height,Sampling-2
3_D_ACRE-Biomass_Early planting date_y22_Plant height_Sampling-2,3,D,18,SA1730464,ACRE-Biomass,y22,Early planting date,Plant height,Sampling-2
4_A_ACRE-Biomass_Early planting date_y22_Plant height_Sampling-2,4,A,14,PI154189,ACRE-Biomass,y22,Early planting date,Plant height,Sampling-2
4_B_ACRE-Biomass_Early planting date_y22_Plant height_Sampling-2,4,B,14,PI154189,ACRE-Biomass,y22,Early planting date,Plant height,Sampling-2
4_C_ACRE-Biomass_Early planting date_y22_Plant height_Sampling-2,4,C,14,PI154189,ACRE-Biomass,y22,Early planting date,Plant height,Sampling-2
4_D_ACRE-Biomass_Early planting date_y22_Plant height_Sampling-2,4,D,14,PI154189,ACRE-Biomass,y22,Early planting date,Plant height,Sampling-2
5_A_ACRE-Biomass_Early planting date_y22_Plant height_Sampling-2,5,A,2,PI594451,ACRE-Biomass,y22,Early planting date,Plant height,Sampling-2
5_B_ACRE-Biomass_Early planting date_y22_Plant height_Sampling-2,5,B,2,PI594451,ACRE-Biomass,y22,Early planting date,Plant height,Sampling-2
5_C_ACRE-Biomass_Early planting date_y22_Plant height_Sampling-2,5,C,2,PI594451,ACRE-Biomass,y22,Early planting date,Plant height,Sampling-2
5_D_ACRE-Biomass_Early planting date_y22_Plant height_Sampling-2,5,D,2,PI594451,ACRE-Biomass,y22,Early planting date,Plant height,Sampling-2
6_A_ACRE-Biomass_Early planting date_y22_Plant height_Sampling-2,6,A,14,PI154189,ACRE-Biomass,y22,Early planting date,Plant height,Sampling-2
6_B_ACRE-Biomass_Early planting date_y22_Plant height_Sampling-2,6,B,14,PI154189,ACRE-Biomass,y22,Early planting date,Plant height,Sampling-2
6_C_ACRE-Biomass_Early planting date_y22_Plant height_Sampling-2,6,C,14,PI154189,ACRE-Biomass,y22,Early planting date,Plant height,Sampling-2
6_D_ACRE-Biomass_Early planting date_y22_Plant height_Sampling-2,6,D,14,PI154189,ACRE-Biomass,y22,Early planting date,Plant height,Sampling-2
7_A_ACRE-Biomass_Early planting date_y22_Plant height_Sampling-2,7,A,23,LD-07-3395bf,ACRE-Biomass,y22,Early planting date,Plant height,Sampling-2
7_B_ACRE-Biomass_Early planting date_y22_Plant height_Sampling-2,7,B,23,LD-07-3395bf,ACRE-Biomass,y22,Early planting date,Plant height,Sampling-2
7_C_ACRE-Biomass_Early planting date_y22_Plant height_Sampling-2,7,C,23,LD-07-3395bf,ACRE-Biomass,y22,Early planting date,Plant height,Sampling-2
7_D_ACRE-Biomass_Early planting date_y22_Plant height_Sampling-2,7,D,23,LD-07-3395bf,ACRE-Biomass,y22,Early planting date,Plant height,Sampling-2
8_A_ACRE-Biomass_Early planting date_y22_Plant height_Sampling-2,8,A,3,PI594301,ACRE-Biomass,y22,Early planting date,Plant height,Sampling-2
8_B_ACRE-Biomass_Early planting date_y22_Plant height_Sampling-2,8,B,3,PI594301,ACRE-Biomass,y22,Early planting date,Plant height,Sampling-2
8_C_ACRE-Biomass_Early planting date_y22_Plant height_Sampling-2,8,C,3,PI594301,ACRE-Biomass,y22,Early planting date,Plant height,Sampling-2
8_D_ACRE-Biomass_Early planting date_y22_Plant height_Sampling-2,8,D,3,PI594301,ACRE-Biomass,y22,Early planting date,Plant height,Sampling-2
9_A_ACRE-Biomass_Early planting date_y22_Plant height_Sampling-2,9,A,5,PI84987,ACRE-Biomass,y22,Early planting date,Plant height,Sampling-2
9_B_ACRE-Biomass_Early planting date_y22_Plant height_Sampling-2,9,B,5,PI84987,ACRE-Biomass,y22,Early planting date,Plant height,Sampling-2
9_C_ACRE-Biomass_Early planting date_y22_Plant height_Sampling-2,9,C,5,PI84987,ACRE-Biomass,y22,Early planting date,Plant height,Sampling-2
9_D_ACRE-Biomass_Early planting date_y22_Plant height_Sampling-2,9,D,5,PI84987,ACRE-Biomass,y22,Early planting date,Plant height,Sampling-2
10_A_ACRE-Biomass_Early planting date_y22_Plant height_Sampling-2,10,A,18,SA1730464,ACRE-Biomass,y22,Early planting date,Plant height,Sampling-2
10_B_ACRE-Biomass_Early planting date_y22_Plant height_Sampling-2,10,B,18,SA1730464,ACRE-Biomass,y22,Early planting date,Plant height,Sampling-2
10_C_ACRE-Biomass_Early planting date_y22_Plant height_Sampling-2,10,C,18,SA1730464,ACRE-Biomass,y22,Early planting date,Plant height,Sampling-2
10_D_ACRE-Biomass_Early planting date_y22_Plant height_Sampling-2,10,D,18,SA1730464,ACRE-Biomass,y22,Early planting date,Plant height,Sampling-2
11_A_ACRE-Biomass_Early planting date_y22_Plant height_Sampling-2,11,A,10,PI561389B,ACRE-Biomass,y22,Early planting date,Plant height,Sampling-2
11_B_ACRE-Biomass_Early planting date_y22_Plant height_Sampling-2,11,B,10,PI561389B,ACRE-Biomass,y22,Early planting date,Plant height,Sampling-2
11_C_ACRE-Biomass_Early planting date_y22_Plant height_Sampling-2,11,C,10,PI561389B,ACRE-Biomass,y22,Early planting date,Plant height,Sampling-2
11_D_ACRE-Biomass_Early planting date_y22_Plant height_Sampling-2,11,D,10,PI561389B,ACRE-Biomass,y22,Early planting date,Plant height,Sampling-2
12_A_ACRE-Biomass_Early planting date_y22_Plant height_Sampling-2,12,A,2,PI594451,ACRE-Biomass,y22,Early planting date,Plant height,Sampling-2
12_B_ACRE-Biomass_Early planting date_y22_Plant height_Sampling-2,12,B,2,PI594451,ACRE-Biomass,y22,Early planting date,Plant height,Sampling-2
12_C_ACRE-Biomass_Early planting date_y22_Plant height_Sampling-2,12,C,2,PI594451,ACRE-Biomass,y22,Early planting date,Plant height,Sampling-2
12_D_ACRE-Biomass_Early planting date_y22_Plant height_Sampling-2,12,D,2,PI594451,ACRE-Biomass,y22,Early planting date,Plant height,Sampling-2
13_A_ACRE-Biomass_Early planting date_y22_Plant height_Sampling-2,13,A,8,PI6548362,ACRE-Biomass,y22,Early planting date,Plant height,Sampling-2
13_B_ACRE-Biomass_Early planting date_y22_Plant height_Sampling-2,13,B,8,PI6548362,ACRE-Biomass,y22,Early planting date,Plant height,Sampling-2
13_C_ACRE-Biomass_Early planting date_y22_Plant height_Sampling-2,13,C,8,PI6548362,ACRE-Biomass,y22,Early planting date,Plant height,Sampling-2
13_D_ACRE-Biomass_Early planting date_y22_Plant height_Sampling-2,13,D,8,PI6548362,ACRE-Biomass,y22,Early planting date,Plant height,Sampling-2
14_A_ACRE-Biomass_Early planting date_y22_Plant height_Sampling-2,14,A,18,SA1730464,ACRE-Biomass,y22,Early planting date,Plant height,Sampling-2
14_B_ACRE-Biomass_Early planting date_y22_Plant height_Sampling-2,14,B,18,SA1730464,ACRE-Biomass,y22,Early planting date,Plant height,Sampling-2
14_C_ACRE-Biomass_Early planting date_y22_Plant height_Sampling-2,14,C,18,SA1730464,ACRE-Biomass,y22,Early planting date,Plant height,Sampling-2
14_D_ACRE-Biomass_Early planting date_y22_Plant height_Sampling-2,14,D,18,SA1730464,ACRE-Biomass,y22,Early planting date,Plant height,Sampling-2
15_A_ACRE-Biomass_Early planting date_y22_Plant height_Sampling-2,15,A,11,PI605765B,ACRE-Biomass,y22,Early planting date,Plant height,Sampling-2
15_B_ACRE-Biomass_Early planting date_y22_Plant height_Sampling-2,15,B,11,PI605765B,ACRE-Biomass,y22,Early planting date,Plant height,Sampling-2
15_C_ACRE-Biomass_Early planting date_y22_Plant height_Sampling-2,15,C,11,PI605765B,ACRE-Biomass,y22,Early planting date,Plant height,Sampling-2
15_D_ACRE-Biomass_Early planting date_y22_Plant height_Sampling-2,15,D,11,PI605765B,ACRE-Biomass,y22,Early planting date,Plant height,Sampling-2
16_A_ACRE-Biomass_Early planting date_y22_Plant height_Sampling-2,16,A,1,PI507480,ACRE-Biomass,y22,Early planting date,Plant height,Sampling-2
16_B_ACRE-Biomass_Early planting date_y22_Plant height_Sampling-2,16,B,1,PI507480,ACRE-Biomass,y22,Early planting date,Plant height,Sampling-2
16_C_ACRE-Biomass_Early planting date_y22_Plant height_Sampling-2,16,C,1,PI507480,ACRE-Biomass,y22,Early planting date,Plant height,Sampling-2
16_D_ACRE-Biomass_Early planting date_y22_Plant height_Sampling-2,16,D,1,PI507480,ACRE-Biomass,y22,Early planting date,Plant height,Sampling-2
17_A_ACRE-Biomass_Early planting date_y22_Plant height_Sampling-2,17,A,4,PI603426 G,ACRE-Biomass,y22,Early planting date,Plant height,Sampling-2
17_B_ACRE-Biomass_Early planting date_y22_Plant height_Sampling-2,17,B,4,PI603426 G,ACRE-Biomass,y22,Early planting date,Plant height,Sampling-2
17_C_ACRE-Biomass_Early planting date_y22_Plant height_Sampling-2,17,C,4,PI603426 G,ACRE-Biomass,y22,Early planting date,Plant height,Sampling-2
17_D_ACRE-Biomass_Early planting date_y22_Plant height_Sampling-2,17,D,4,PI603426 G,ACRE-Biomass,y22,Early planting date,Plant height,Sampling-2
18_A_ACRE-Biomass_Early planting date_y22_Plant height_Sampling-2,18,A,1,PI507480,ACRE-Biomass,y22,Early planting date,Plant height,Sampling-2
18_B_ACRE-Biomass_Early planting date_y22_Plant height_Sampling-2,18,B,1,PI507480,ACRE-Biomass,y22,Early planting date,Plant height,Sampling-2
18_C_ACRE-Biomass_Early planting date_y22_Plant height_Sampling-2,18,C,1,PI507480,ACRE-Biomass,y22,Early planting date,Plant height,Sampling-2
18_D_ACRE-Biomass_Early planting date_y22_Plant height_Sampling-2,18,D,1,PI507480,ACRE-Biomass,y22,Early planting date,Plant height,Sampling-2
19_A_ACRE-Biomass_Early planting date_y22_Plant height_Sampling-2,19,A,13,PI378684A,ACRE-Biomass,y22,Early planting date,Plant height,Sampling-2
19_B_ACRE-Biomass_Early planting date_y22_Plant height_Sampling-2,19,B,13,PI378684A,ACRE-Biomass,y22,Early planting date,Plant height,Sampling-2
19_C_ACRE-Biomass_Early planting date_y22_Plant height_Sampling-2,19,C,13,PI378684A,ACRE-Biomass,y22,Early planting date,Plant height,Sampling-2
19_D_ACRE-Biomass_Early planting date_y22_Plant height_Sampling-2,19,D,13,PI378684A,ACRE-Biomass,y22,Early planting date,Plant height,Sampling-2
20_A_ACRE-Biomass_Early planting date_y22_Plant height_Sampling-2,20,A,14,PI154189,ACRE-Biomass,y22,Early planting date,Plant height,Sampling-2
20_B_ACRE-Biomass_Early planting date_y22_Plant height_Sampling-2,20,B,14,PI154189,ACRE-Biomass,y22,Early planting date,Plant height,Sampling-2
20_C_ACRE-Biomass_Early planting date_y22_Plant height_Sampling-2,20,C,14,PI154189,ACRE-Biomass,y22,Early planting date,Plant height,Sampling-2
20_D_ACRE-Biomass_Early planting date_y22_Plant height_Sampling-2,20,D,14,PI154189,ACRE-Biomass,y22,Early planting date,Plant height,Sampling-2
21_A_ACRE-Biomass_Early planting date_y22_Plant height_Sampling-2,21,A,22,LG15-1913-86,ACRE-Biomass,y22,Early planting date,Plant height,Sampling-2
21_B_ACRE-Biomass_Early planting date_y22_Plant height_Sampling-2,21,B,22,LG15-1913-86,ACRE-Biomass,y22,Early planting date,Plant height,Sampling-2
21_C_ACRE-Biomass_Early planting date_y22_Plant height_Sampling-2,21,C,22,LG15-1913-86,ACRE-Biomass,y22,Early planting date,Plant height,Sampling-2
21_D_ACRE-Biomass_Early planting date_y22_Plant height_Sampling-2,21,D,22,LG15-1913-86,ACRE-Biomass,y22,Early planting date,Plant height,Sampling-2
22_A_ACRE-Biomass_Early planting date_y22_Plant height_Sampling-2,22,A,16,PI506942,ACRE-Biomass,y22,Early planting date,Plant height,Sampling-2
22_B_ACRE-Biomass_Early planting date_y22_Plant height_Sampling-2,22,B,16,PI506942,ACRE-Biomass,y22,Early planting date,Plant height,Sampling-2
22_C_ACRE-Biomass_Early planting date_y22_Plant height_Sampling-2,22,C,16,PI506942,ACRE-Biomass,y22,Early planting date,Plant height,Sampling-2
22_D_ACRE-Biomass_Early planting date_y22_Plant height_Sampling-2,22,D,16,PI506942,ACRE-Biomass,y22,Early planting date,Plant height,Sampling-2
23_A_ACRE-Biomass_Early planting date_y22_Plant height_Sampling-2,23,A,21,CR164386,ACRE-Biomass,y22,Early planting date,Plant height,Sampling-2
23_B_ACRE-Biomass_Early planting date_y22_Plant height_Sampling-2,23,B,21,CR164386,ACRE-Biomass,y22,Early planting date,Plant height,Sampling-2
23_C_ACRE-Biomass_Early planting date_y22_Plant height_Sampling-2,23,C,21,CR164386,ACRE-Biomass,y22,Early planting date,Plant height,Sampling-2
23_D_ACRE-Biomass_Early planting date_y22_Plant height_Sampling-2,23,D,21,CR164386,ACRE-Biomass,y22,Early planting date,Plant height,Sampling-2
24_A_ACRE-Biomass_Early planting date_y22_Plant height_Sampling-2,24,A,15,PI437505,ACRE-Biomass,y22,Early planting date,Plant height,Sampling-2
24_B_ACRE-Biomass_Early planting date_y22_Plant height_Sampling-2,24,B,15,PI437505,ACRE-Biomass,y22,Early planting date,Plant height,Sampling-2
24_C_ACRE-Biomass_Early planting date_y22_Plant height_Sampling-2,24,C,15,PI437505,ACRE-Biomass,y22,Early planting date,Plant height,Sampling-2
24_D_ACRE-Biomass_Early planting date_y22_Plant height_Sampling-2,24,D,15,PI437505,ACRE-Biomass,y22,Early planting date,Plant height,Sampling-2
25_A_ACRE-Biomass_Early planting date_y22_Plant height_Sampling-2,25,A,19,HM17-12161,ACRE-Biomass,y22,Early planting date,Plant height,Sampling-2
25_B_ACRE-Biomass_Early planting date_y22_Plant height_Sampling-2,25,B,19,HM17-12161,ACRE-Biomass,y22,Early planting date,Plant height,Sampling-2
25_C_ACRE-Biomass_Early planting date_y22_Plant height_Sampling-2,25,C,19,HM17-12161,ACRE-Biomass,y22,Early planting date,Plant height,Sampling-2
25_D_ACRE-Biomass_Early planting date_y22_Plant height_Sampling-2,25,D,19,HM17-12161,ACRE-Biomass,y22,Early planting date,Plant height,Sampling-2
26_A_ACRE-Biomass_Early planting date_y22_Plant height_Sampling-2,26,A,6,PI84631,ACRE-Biomass,y22,Early planting date,Plant height,Sampling-2
26_B_ACRE-Biomass_Early planting date_y22_Plant height_Sampling-2,26,B,6,PI84631,ACRE-Biomass,y22,Early planting date,Plant height,Sampling-2
26_C_ACRE-Biomass_Early planting date_y22_Plant height_Sampling-2,26,C,6,PI84631,ACRE-Biomass,y22,Early planting date,Plant height,Sampling-2
26_D_ACRE-Biomass_Early planting date_y22_Plant height_Sampling-2,26,D,6,PI84631,ACRE-Biomass,y22,Early planting date,Plant height,Sampling-2
27_A_ACRE-Biomass_Early planting date_y22_Plant height_Sampling-2,27,A,4,PI603426G,ACRE-Biomass,y22,Early planting date,Plant height,Sampling-2
27_B_ACRE-Biomass_Early planting date_y22_Plant height_Sampling-2,27,B,4,PI603426G,ACRE-Biomass,y22,Early planting date,Plant height,Sampling-2
27_C_ACRE-Biomass_Early planting date_y22_Plant height_Sampling-2,27,C,4,PI603426G,ACRE-Biomass,y22,Early planting date,Plant height,Sampling-2
27_D_ACRE-Biomass_Early planting date_y22_Plant height_Sampling-2,27,D,4,PI603426G,ACRE-Biomass,y22,Early planting date,Plant height,Sampling-2
28_A_ACRE-Biomass_Early planting date_y22_Plant height_Sampling-2,28,A,10,PI561389B,ACRE-Biomass,y22,Early planting date,Plant height,Sampling-2
28_B_ACRE-Biomass_Early planting date_y22_Plant height_Sampling-2,28,B,10,PI561389B,ACRE-Biomass,y22,Early planting date,Plant height,Sampling-2
28_C_ACRE-Biomass_Early planting date_y22_Plant height_Sampling-2,28,C,10,PI561389B,ACRE-Biomass,y22,Early planting date,Plant height,Sampling-2
28_D_ACRE-Biomass_Early planting date_y22_Plant height_Sampling-2,28,D,10,PI561389B,ACRE-Biomass,y22,Early planting date,Plant height,Sampling-2
29_A_ACRE-Biomass_Early planting date_y22_Plant height_Sampling-2,29,A,15,PI437505,ACRE-Biomass,y22,Early planting date,Plant height,Sampling-2
29_B_ACRE-Biomass_Early planting date_y22_Plant height_Sampling-2,29,B,15,PI437505,ACRE-Biomass,y22,Early planting date,Plant height,Sampling-2
29_C_ACRE-Biomass_Early planting date_y22_Plant height_Sampling-2,29,C,15,PI437505,ACRE-Biomass,y22,Early planting date,Plant height,Sampling-2
29_D_ACRE-Biomass_Early planting date_y22_Plant height_Sampling-2,29,D,15,PI437505,ACRE-Biomass,y22,Early planting date,Plant height,Sampling-2
30_A_ACRE-Biomass_Early planting date_y22_Plant height_Sampling-2,30,A,6,PI84631,ACRE-Biomass,y22,Early planting date,Plant height,Sampling-2
30_B_ACRE-Biomass_Early planting date_y22_Plant height_Sampling-2,30,B,6,PI84631,ACRE-Biomass,y22,Early planting date,Plant height,Sampling-2
30_C_ACRE-Biomass_Early planting date_y22_Plant height_Sampling-2,30,C,6,PI84631,ACRE-Biomass,y22,Early planting date,Plant height,Sampling-2
30_D_ACRE-Biomass_Early planting date_y22_Plant height_Sampling-2,30,D,6,PI84631,ACRE-Biomass,y22,Early planting date,Plant height,Sampling-2
31_A_ACRE-Biomass_Early planting date_y22_Plant height_Sampling-2,31,A,24,E19517GT,ACRE-Biomass,y22,Early planting date,Plant height,Sampling-2
31_B_ACRE-Biomass_Early planting date_y22_Plant height_Sampling-2,31,B,24,E19517GT,ACRE-Biomass,y22,Early planting date,Plant height,Sampling-2
31_C_ACRE-Biomass_Early planting date_y22_Plant height_Sampling-2,31,C,24,E19517GT,ACRE-Biomass,y22,Early planting date,Plant height,Sampling-2
31_D_ACRE-Biomass_Early planting date_y22_Plant height_Sampling-2,31,D,24,E19517GT,ACRE-Biomass,y22,Early planting date,Plant height,Sampling-2
32_A_ACRE-Biomass_Early planting date_y22_Plant height_Sampling-2,32,A,17,PI567408,ACRE-Biomass,y22,Early planting date,Plant height,Sampling-2
32_B_ACRE-Biomass_Early planting date_y22_Plant height_Sampling-2,32,B,17,PI567408,ACRE-Biomass,y22,Early planting date,Plant height,Sampling-2
32_C_ACRE-Biomass_Early planting date_y22_Plant height_Sampling-2,32,C,17,PI567408,ACRE-Biomass,y22,Early planting date,Plant height,Sampling-2
32_D_ACRE-Biomass_Early planting date_y22_Plant height_Sampling-2,32,D,17,PI567408,ACRE-Biomass,y22,Early planting date,Plant height,Sampling-2
33_A_ACRE-Biomass_Early planting date_y22_Plant height_Sampling-2,33,A,25,SA1811280,ACRE-Biomass,y22,Early planting date,Plant height,Sampling-2
33_B_ACRE-Biomass_Early planting date_y22_Plant height_Sampling-2,33,B,25,SA1811280,ACRE-Biomass,y22,Early planting date,Plant height,Sampling-2
33_C_ACRE-Biomass_Early planting date_y22_Plant height_Sampling-2,33,C,25,SA1811280,ACRE-Biomass,y22,Early planting date,Plant height,Sampling-2
33_D_ACRE-Biomass_Early planting date_y22_Plant height_Sampling-2,33,D,25,SA1811280,ACRE-Biomass,y22,Early planting date,Plant height,Sampling-2
34_A_ACRE-Biomass_Early planting date_y22_Plant height_Sampling-2,34,A,16,PI506942,ACRE-Biomass,y22,Early planting date,Plant height,Sampling-2
34_B_ACRE-Biomass_Early planting date_y22_Plant height_Sampling-2,34,B,16,PI506942,ACRE-Biomass,y22,Early planting date,Plant height,Sampling-2
34_C_ACRE-Biomass_Early planting date_y22_Plant height_Sampling-2,34,C,16,PI506942,ACRE-Biomass,y22,Early planting date,Plant height,Sampling-2
34_D_ACRE-Biomass_Early planting date_y22_Plant height_Sampling-2,34,D,16,PI506942,ACRE-Biomass,y22,Early planting date,Plant height,Sampling-2
35_A_ACRE-Biomass_Early planting date_y22_Plant height_Sampling-2,35,A,12,PI567780B,ACRE-Biomass,y22,Early planting date,Plant height,Sampling-2
35_B_ACRE-Biomass_Early planting date_y22_Plant height_Sampling-2,35,B,12,PI567780B,ACRE-Biomass,y22,Early planting date,Plant height,Sampling-2
35_C_ACRE-Biomass_Early planting date_y22_Plant height_Sampling-2,35,C,12,PI567780B,ACRE-Biomass,y22,Early planting date,Plant height,Sampling-2
35_D_ACRE-Biomass_Early planting date_y22_Plant height_Sampling-2,35,D,12,PI567780B,ACRE-Biomass,y22,Early planting date,Plant height,Sampling-2
36_A_ACRE-Biomass_Early planting date_y22_Plant height_Sampling-2,36,A,13,PI378684A,ACRE-Biomass,y22,Early planting date,Plant height,Sampling-2
36_B_ACRE-Biomass_Early planting date_y22_Plant height_Sampling-2,36,B,13,PI378684A,ACRE-Biomass,y22,Early planting date,Plant height,Sampling-2
36_C_ACRE-Biomass_Early planting date_y22_Plant height_Sampling-2,36,C,13,PI378684A,ACRE-Biomass,y22,Early planting date,Plant height,Sampling-2
36_D_ACRE-Biomass_Early planting date_y22_Plant height_Sampling-2,36,D,13,PI378684A,ACRE-Biomass,y22,Early planting date,Plant height,Sampling-2
37_A_ACRE-Biomass_Early planting date_y22_Plant height_Sampling-2,37,A,20,CR16-0042,ACRE-Biomass,y22,Early planting date,Plant height,Sampling-2
37_B_ACRE-Biomass_Early planting date_y22_Plant height_Sampling-2,37,B,20,CR16-0042,ACRE-Biomass,y22,Early planting date,Plant height,Sampling-2
37_C_ACRE-Biomass_Early planting date_y22_Plant height_Sampling-2,37,C,20,CR16-0042,ACRE-Biomass,y22,Early planting date,Plant height,Sampling-2
37_D_ACRE-Biomass_Early planting date_y22_Plant height_Sampling-2,37,D,20,CR16-0042,ACRE-Biomass,y22,Early planting date,Plant height,Sampling-2
38_A_ACRE-Biomass_Early planting date_y22_Plant height_Sampling-2,38,A,16,PI506942,ACRE-Biomass,y22,Early planting date,Plant height,Sampling-2
38_B_ACRE-Biomass_Early planting date_y22_Plant height_Sampling-2,38,B,16,PI506942,ACRE-Biomass,y22,Early planting date,Plant height,Sampling-2
38_C_ACRE-Biomass_Early planting date_y22_Plant height_Sampling-2,38,C,16,PI506942,ACRE-Biomass,y22,Early planting date,Plant height,Sampling-2
38_D_ACRE-Biomass_Early planting date_y22_Plant height_Sampling-2,38,D,16,PI506942,ACRE-Biomass,y22,Early planting date,Plant height,Sampling-2
39_A_ACRE-Biomass_Early planting date_y22_Plant height_Sampling-2,39,A,19,HM17-12161,ACRE-Biomass,y22,Early planting date,Plant height,Sampling-2
39_B_ACRE-Biomass_Early planting date_y22_Plant height_Sampling-2,39,B,19,HM17-12161,ACRE-Biomass,y22,Early planting date,Plant height,Sampling-2
39_C_ACRE-Biomass_Early planting date_y22_Plant height_Sampling-2,39,C,19,HM17-12161,ACRE-Biomass,y22,Early planting date,Plant height,Sampling-2
39_D_ACRE-Biomass_Early planting date_y22_Plant height_Sampling-2,39,D,19,HM17-12161,ACRE-Biomass,y22,Early planting date,Plant height,Sampling-2
40_A_ACRE-Biomass_Early planting date_y22_Plant height_Sampling-2,40,A,7,PI407708A,ACRE-Biomass,y22,Early planting date,Plant height,Sampling-2
40_B_ACRE-Biomass_Early planting date_y22_Plant height_Sampling-2,40,B,7,PI407708A,ACRE-Biomass,y22,Early planting date,Plant height,Sampling-2
40_C_ACRE-Biomass_Early planting date_y22_Plant height_Sampling-2,40,C,7,PI407708A,ACRE-Biomass,y22,Early planting date,Plant height,Sampling-2
40_D_ACRE-Biomass_Early planting date_y22_Plant height_Sampling-2,40,D,7,PI407708A,ACRE-Biomass,y22,Early planting date,Plant height,Sampling-2
41_A_ACRE-Biomass_Early planting date_y22_Plant height_Sampling-2,41,A,11,PI605765B,ACRE-Biomass,y22,Early planting date,Plant height,Sampling-2
41_B_ACRE-Biomass_Early planting date_y22_Plant height_Sampling-2,41,B,11,PI605765B,ACRE-Biomass,y22,Early planting date,Plant height,Sampling-2
41_C_ACRE-Biomass_Early planting date_y22_Plant height_Sampling-2,41,C,11,PI605765B,ACRE-Biomass,y22,Early planting date,Plant height,Sampling-2
41_D_ACRE-Biomass_Early planting date_y22_Plant height_Sampling-2,41,D,11,PI605765B,ACRE-Biomass,y22,Early planting date,Plant height,Sampling-2
42_A_ACRE-Biomass_Early planting date_y22_Plant height_Sampling-2,42,A,6,PI84631,ACRE-Biomass,y22,Early planting date,Plant height,Sampling-2
42_B_ACRE-Biomass_Early planting date_y22_Plant height_Sampling-2,42,B,6,PI84631,ACRE-Biomass,y22,Early planting date,Plant height,Sampling-2
42_C_ACRE-Biomass_Early planting date_y22_Plant height_Sampling-2,42,C,6,PI84631,ACRE-Biomass,y22,Early planting date,Plant height,Sampling-2
42_D_ACRE-Biomass_Early planting date_y22_Plant height_Sampling-2,42,D,6,PI84631,ACRE-Biomass,y22,Early planting date,Plant height,Sampling-2
43_A_ACRE-Biomass_Early planting date_y22_Plant height_Sampling-2,43,A,22,LG15-1913-86,ACRE-Biomass,y22,Early planting date,Plant height,Sampling-2
43_B_ACRE-Biomass_Early planting date_y22_Plant height_Sampling-2,43,B,22,LG15-1913-86,ACRE-Biomass,y22,Early planting date,Plant height,Sampling-2
43_C_ACRE-Biomass_Early planting date_y22_Plant height_Sampling-2,43,C,22,LG15-1913-86,ACRE-Biomass,y22,Early planting date,Plant height,Sampling-2
43_D_ACRE-Biomass_Early planting date_y22_Plant height_Sampling-2,43,D,22,LG15-1913-86,ACRE-Biomass,y22,Early planting date,Plant height,Sampling-2
44_A_ACRE-Biomass_Early planting date_y22_Plant height_Sampling-2,44,A,5,PI84987,ACRE-Biomass,y22,Early planting date,Plant height,Sampling-2
44_B_ACRE-Biomass_Early planting date_y22_Plant height_Sampling-2,44,B,5,PI84987,ACRE-Biomass,y22,Early planting date,Plant height,Sampling-2
44_C_ACRE-Biomass_Early planting date_y22_Plant height_Sampling-2,44,C,5,PI84987,ACRE-Biomass,y22,Early planting date,Plant height,Sampling-2
44_D_ACRE-Biomass_Early planting date_y22_Plant height_Sampling-2,44,D,5,PI84987,ACRE-Biomass,y22,Early planting date,Plant height,Sampling-2
45_A_ACRE-Biomass_Early planting date_y22_Plant height_Sampling-2,45,A,3,PI594301,ACRE-Biomass,y22,Early planting date,Plant height,Sampling-2
45_B_ACRE-Biomass_Early planting date_y22_Plant height_Sampling-2,45,B,3,PI594301,ACRE-Biomass,y22,Early planting date,Plant height,Sampling-2
45_C_ACRE-Biomass_Early planting date_y22_Plant height_Sampling-2,45,C,3,PI594301,ACRE-Biomass,y22,Early planting date,Plant height,Sampling-2
45_D_ACRE-Biomass_Early planting date_y22_Plant height_Sampling-2,45,D,3,PI594301,ACRE-Biomass,y22,Early planting date,Plant height,Sampling-2
46_A_ACRE-Biomass_Early planting date_y22_Plant height_Sampling-2,46,A,25,SA1811280,ACRE-Biomass,y22,Early planting date,Plant height,Sampling-2
46_B_ACRE-Biomass_Early planting date_y22_Plant height_Sampling-2,46,B,25,SA1811280,ACRE-Biomass,y22,Early planting date,Plant height,Sampling-2
46_C_ACRE-Biomass_Early planting date_y22_Plant height_Sampling-2,46,C,25,SA1811280,ACRE-Biomass,y22,Early planting date,Plant height,Sampling-2
46_D_ACRE-Biomass_Early planting date_y22_Plant height_Sampling-2,46,D,25,SA1811280,ACRE-Biomass,y22,Early planting date,Plant height,Sampling-2
47_A_ACRE-Biomass_Early planting date_y22_Plant height_Sampling-2,47,A,22,LG15-1913-86,ACRE-Biomass,y22,Early planting date,Plant height,Sampling-2
47_B_ACRE-Biomass_Early planting date_y22_Plant height_Sampling-2,47,B,22,LG15-1913-86,ACRE-Biomass,y22,Early planting date,Plant height,Sampling-2
47_C_ACRE-Biomass_Early planting date_y22_Plant height_Sampling-2,47,C,22,LG15-1913-86,ACRE-Biomass,y22,Early planting date,Plant height,Sampling-2
47_D_ACRE-Biomass_Early planting date_y22_Plant height_Sampling-2,47,D,22,LG15-1913-86,ACRE-Biomass,y22,Early planting date,Plant height,Sampling-2
48_A_ACRE-Biomass_Early planting date_y22_Plant height_Sampling-2,48,A,11,PI605765B,ACRE-Biomass,y22,Early planting date,Plant height,Sampling-2
48_B_ACRE-Biomass_Early planting date_y22_Plant height_Sampling-2,48,B,11,PI605765B,ACRE-Biomass,y22,Early planting date,Plant height,Sampling-2
48_C_ACRE-Biomass_Early planting date_y22_Plant height_Sampling-2,48,C,11,PI605765B,ACRE-Biomass,y22,Early planting date,Plant height,Sampling-2
48_D_ACRE-Biomass_Early planting date_y22_Plant height_Sampling-2,48,D,11,PI605765B,ACRE-Biomass,y22,Early planting date,Plant height,Sampling-2
49_A_ACRE-Biomass_Early planting date_y22_Plant height_Sampling-2,49,A,15,PI437505,ACRE-Biomass,y22,Early planting date,Plant height,Sampling-2
49_B_ACRE-Biomass_Early planting date_y22_Plant height_Sampling-2,49,B,15,PI437505,ACRE-Biomass,y22,Early planting date,Plant height,Sampling-2
49_C_ACRE-Biomass_Early planting date_y22_Plant height_Sampling-2,49,C,15,PI437505,ACRE-Biomass,y22,Early planting date,Plant height,Sampling-2
49_D_ACRE-Biomass_Early planting date_y22_Plant height_Sampling-2,49,D,15,PI437505,ACRE-Biomass,y22,Early planting date,Plant height,Sampling-2
50_A_ACRE-Biomass_Early planting date_y22_Plant height_Sampling-2,50,A,1,PI507480,ACRE-Biomass,y22,Early planting date,Plant height,Sampling-2
50_B_ACRE-Biomass_Early planting date_y22_Plant height_Sampling-2,50,B,1,PI507480,ACRE-Biomass,y22,Early planting date,Plant height,Sampling-2
50_C_ACRE-Biomass_Early planting date_y22_Plant height_Sampling-2,50,C,1,PI507480,ACRE-Biomass,y22,Early planting date,Plant height,Sampling-2
50_D_ACRE-Biomass_Early planting date_y22_Plant height_Sampling-2,50,D,1,PI507480,ACRE-Biomass,y22,Early planting date,Plant height,Sampling-2
51_A_ACRE-Biomass_Early planting date_y22_Plant height_Sampling-2,51,A,5,PI84987,ACRE-Biomass,y22,Early planting date,Plant height,Sampling-2
51_B_ACRE-Biomass_Early planting date_y22_Plant height_Sampling-2,51,B,5,PI84987,ACRE-Biomass,y22,Early planting date,Plant height,Sampling-2
51_C_ACRE-Biomass_Early planting date_y22_Plant height_Sampling-2,51,C,5,PI84987,ACRE-Biomass,y22,Early planting date,Plant height,Sampling-2
51_D_ACRE-Biomass_Early planting date_y22_Plant height_Sampling-2,51,D,5,PI84987,ACRE-Biomass,y22,Early planting date,Plant height,Sampling-2
52_A_ACRE-Biomass_Early planting date_y22_Plant height_Sampling-2,52,A,21,CR164386,ACRE-Biomass,y22,Early planting date,Plant height,Sampling-2
52_B_ACRE-Biomass_Early planting date_y22_Plant height_Sampling-2,52,B,21,CR164386,ACRE-Biomass,y22,Early planting date,Plant height,Sampling-2
52_C_ACRE-Biomass_Early planting date_y22_Plant height_Sampling-2,52,C,21,CR164386,ACRE-Biomass,y22,Early planting date,Plant height,Sampling-2
52_D_ACRE-Biomass_Early planting date_y22_Plant height_Sampling-2,52,D,21,CR164386,ACRE-Biomass,y22,Early planting date,Plant height,Sampling-2
53_A_ACRE-Biomass_Early planting date_y22_Plant height_Sampling-2,53,A,8,PI6548362,ACRE-Biomass,y22,Early planting date,Plant height,Sampling-2
53_B_ACRE-Biomass_Early planting date_y22_Plant height_Sampling-2,53,B,8,PI6548362,ACRE-Biomass,y22,Early planting date,Plant height,Sampling-2
53_C_ACRE-Biomass_Early planting date_y22_Plant height_Sampling-2,53,C,8,PI6548362,ACRE-Biomass,y22,Early planting date,Plant height,Sampling-2
53_D_ACRE-Biomass_Early planting date_y22_Plant height_Sampling-2,53,D,8,PI6548362,ACRE-Biomass,y22,Early planting date,Plant height,Sampling-2
54_A_ACRE-Biomass_Early planting date_y22_Plant height_Sampling-2,54,A,17,PI567408,ACRE-Biomass,y22,Early planting date,Plant height,Sampling-2
54_B_ACRE-Biomass_Early planting date_y22_Plant height_Sampling-2,54,B,17,PI567408,ACRE-Biomass,y22,Early planting date,Plant height,Sampling-2
54_C_ACRE-Biomass_Early planting date_y22_Plant height_Sampling-2,54,C,17,PI567408,ACRE-Biomass,y22,Early planting date,Plant height,Sampling-2
54_D_ACRE-Biomass_Early planting date_y22_Plant height_Sampling-2,54,D,17,PI567408,ACRE-Biomass,y22,Early planting date,Plant height,Sampling-2
55_A_ACRE-Biomass_Early planting date_y22_Plant height_Sampling-2,55,A,17,PI567408,ACRE-Biomass,y22,Early planting date,Plant height,Sampling-2
55_B_ACRE-Biomass_Early planting date_y22_Plant height_Sampling-2,55,B,17,PI567408,ACRE-Biomass,y22,Early planting date,Plant height,Sampling-2
55_C_ACRE-Biomass_Early planting date_y22_Plant height_Sampling-2,55,C,17,PI567408,ACRE-Biomass,y22,Early planting date,Plant height,Sampling-2
55_D_ACRE-Biomass_Early planting date_y22_Plant height_Sampling-2,55,D,17,PI567408,ACRE-Biomass,y22,Early planting date,Plant height,Sampling-2
56_A_ACRE-Biomass_Early planting date_y22_Plant height_Sampling-2,56,A,21,CR164386,ACRE-Biomass,y22,Early planting date,Plant height,Sampling-2
56_B_ACRE-Biomass_Early planting date_y22_Plant height_Sampling-2,56,B,21,CR164386,ACRE-Biomass,y22,Early planting date,Plant height,Sampling-2
56_C_ACRE-Biomass_Early planting date_y22_Plant height_Sampling-2,56,C,21,CR164386,ACRE-Biomass,y22,Early planting date,Plant height,Sampling-2
56_D_ACRE-Biomass_Early planting date_y22_Plant height_Sampling-2,56,D,21,CR164386,ACRE-Biomass,y22,Early planting date,Plant height,Sampling-2
57_A_ACRE-Biomass_Early planting date_y22_Plant height_Sampling-2,57,A,2,PI594451,ACRE-Biomass,y22,Early planting date,Plant height,Sampling-2
57_B_ACRE-Biomass_Early planting date_y22_Plant height_Sampling-2,57,B,2,PI594451,ACRE-Biomass,y22,Early planting date,Plant height,Sampling-2
57_C_ACRE-Biomass_Early planting date_y22_Plant height_Sampling-2,57,C,2,PI594451,ACRE-Biomass,y22,Early planting date,Plant height,Sampling-2
57_D_ACRE-Biomass_Early planting date_y22_Plant height_Sampling-2,57,D,2,PI594451,ACRE-Biomass,y22,Early planting date,Plant height,Sampling-2
58_A_ACRE-Biomass_Early planting date_y22_Plant height_Sampling-2,58,A,9,PI39528B,ACRE-Biomass,y22,Early planting date,Plant height,Sampling-2
58_B_ACRE-Biomass_Early planting date_y22_Plant height_Sampling-2,58,B,9,PI39528B,ACRE-Biomass,y22,Early planting date,Plant height,Sampling-2
58_C_ACRE-Biomass_Early planting date_y22_Plant height_Sampling-2,58,C,9,PI39528B,ACRE-Biomass,y22,Early planting date,Plant height,Sampling-2
58_D_ACRE-Biomass_Early planting date_y22_Plant height_Sampling-2,58,D,9,PI39528B,ACRE-Biomass,y22,Early planting date,Plant height,Sampling-2
59_A_ACRE-Biomass_Early planting date_y22_Plant height_Sampling-2,59,A,19,HM17-12161,ACRE-Biomass,y22,Early planting date,Plant height,Sampling-2
59_B_ACRE-Biomass_Early planting date_y22_Plant height_Sampling-2,59,B,19,HM17-12161,ACRE-Biomass,y22,Early planting date,Plant height,Sampling-2
59_C_ACRE-Biomass_Early planting date_y22_Plant height_Sampling-2,59,C,19,HM17-12161,ACRE-Biomass,y22,Early planting date,Plant height,Sampling-2
59_D_ACRE-Biomass_Early planting date_y22_Plant height_Sampling-2,59,D,19,HM17-12161,ACRE-Biomass,y22,Early planting date,Plant height,Sampling-2
60_A_ACRE-Biomass_Early planting date_y22_Plant height_Sampling-2,60,A,20,CR16-0042,ACRE-Biomass,y22,Early planting date,Plant height,Sampling-2
60_B_ACRE-Biomass_Early planting date_y22_Plant height_Sampling-2,60,B,20,CR16-0042,ACRE-Biomass,y22,Early planting date,Plant height,Sampling-2
60_C_ACRE-Biomass_Early planting date_y22_Plant height_Sampling-2,60,C,20,CR16-0042,ACRE-Biomass,y22,Early planting date,Plant height,Sampling-2
60_D_ACRE-Biomass_Early planting date_y22_Plant height_Sampling-2,60,D,20,CR16-0042,ACRE-Biomass,y22,Early planting date,Plant height,Sampling-2
61_A_ACRE-Biomass_Early planting date_y22_Plant height_Sampling-2,61,A,9,PI39528B,ACRE-Biomass,y22,Early planting date,Plant height,Sampling-2
61_B_ACRE-Biomass_Early planting date_y22_Plant height_Sampling-2,61,B,9,PI39528B,ACRE-Biomass,y22,Early planting date,Plant height,Sampling-2
61_C_ACRE-Biomass_Early planting date_y22_Plant height_Sampling-2,61,C,9,PI39528B,ACRE-Biomass,y22,Early planting date,Plant height,Sampling-2
61_D_ACRE-Biomass_Early planting date_y22_Plant height_Sampling-2,61,D,9,PI39528B,ACRE-Biomass,y22,Early planting date,Plant height,Sampling-2
62_A_ACRE-Biomass_Early planting date_y22_Plant height_Sampling-2,62,A,24,E19517GT,ACRE-Biomass,y22,Early planting date,Plant height,Sampling-2
62_B_ACRE-Biomass_Early planting date_y22_Plant height_Sampling-2,62,B,24,E19517GT,ACRE-Biomass,y22,Early planting date,Plant height,Sampling-2
62_C_ACRE-Biomass_Early planting date_y22_Plant height_Sampling-2,62,C,24,E19517GT,ACRE-Biomass,y22,Early planting date,Plant height,Sampling-2
62_D_ACRE-Biomass_Early planting date_y22_Plant height_Sampling-2,62,D,24,E19517GT,ACRE-Biomass,y22,Early planting date,Plant height,Sampling-2
63_A_ACRE-Biomass_Early planting date_y22_Plant height_Sampling-2,63,A,10,PI561389B,ACRE-Biomass,y22,Early planting date,Plant height,Sampling-2
63_B_ACRE-Biomass_Early planting date_y22_Plant height_Sampling-2,63,B,10,PI561389B,ACRE-Biomass,y22,Early planting date,Plant height,Sampling-2
63_C_ACRE-Biomass_Early planting date_y22_Plant height_Sampling-2,63,C,10,PI561389B,ACRE-Biomass,y22,Early planting date,Plant height,Sampling-2
63_D_ACRE-Biomass_Early planting date_y22_Plant height_Sampling-2,63,D,10,PI561389B,ACRE-Biomass,y22,Early planting date,Plant height,Sampling-2
64_A_ACRE-Biomass_Early planting date_y22_Plant height_Sampling-2,64,A,12,PI567780B,ACRE-Biomass,y22,Early planting date,Plant height,Sampling-2
64_B_ACRE-Biomass_Early planting date_y22_Plant height_Sampling-2,64,B,12,PI567780B,ACRE-Biomass,y22,Early planting date,Plant height,Sampling-2
64_C_ACRE-Biomass_Early planting date_y22_Plant height_Sampling-2,64,C,12,PI567780B,ACRE-Biomass,y22,Early planting date,Plant height,Sampling-2
64_D_ACRE-Biomass_Early planting date_y22_Plant height_Sampling-2,64,D,12,PI567780B,ACRE-Biomass,y22,Early planting date,Plant height,Sampling-2
65_A_ACRE-Biomass_Early planting date_y22_Plant height_Sampling-2,65,A,7,PI407708A,ACRE-Biomass,y22,Early planting date,Plant height,Sampling-2
65_B_ACRE-Biomass_Early planting date_y22_Plant height_Sampling-2,65,B,7,PI407708A,ACRE-Biomass,y22,Early planting date,Plant height,Sampling-2
65_C_ACRE-Biomass_Early planting date_y22_Plant height_Sampling-2,65,C,7,PI407708A,ACRE-Biomass,y22,Early planting date,Plant height,Sampling-2
65_D_ACRE-Biomass_Early planting date_y22_Plant height_Sampling-2,65,D,7,PI407708A,ACRE-Biomass,y22,Early planting date,Plant height,Sampling-2
66_A_ACRE-Biomass_Early planting date_y22_Plant height_Sampling-2,66,A,9,PI39528B,ACRE-Biomass,y22,Early planting date,Plant height,Sampling-2
66_B_ACRE-Biomass_Early planting date_y22_Plant height_Sampling-2,66,B,9,PI39528B,ACRE-Biomass,y22,Early planting date,Plant height,Sampling-2
66_C_ACRE-Biomass_Early planting date_y22_Plant height_Sampling-2,66,C,9,PI39528B,ACRE-Biomass,y22,Early planting date,Plant height,Sampling-2
66_D_ACRE-Biomass_Early planting date_y22_Plant height_Sampling-2,66,D,9,PI39528B,ACRE-Biomass,y22,Early planting date,Plant height,Sampling-2
67_A_ACRE-Biomass_Early planting date_y22_Plant height_Sampling-2,67,A,12,PI567780B,ACRE-Biomass,y22,Early planting date,Plant height,Sampling-2
67_B_ACRE-Biomass_Early planting date_y22_Plant height_Sampling-2,67,B,12,PI567780B,ACRE-Biomass,y22,Early planting date,Plant height,Sampling-2
67_C_ACRE-Biomass_Early planting date_y22_Plant height_Sampling-2,67,C,12,PI567780B,ACRE-Biomass,y22,Early planting date,Plant height,Sampling-2
67_D_ACRE-Biomass_Early planting date_y22_Plant height_Sampling-2,67,D,12,PI567780B,ACRE-Biomass,y22,Early planting date,Plant height,Sampling-2
68_A_ACRE-Biomass_Early planting date_y22_Plant height_Sampling-2,68,A,4,PI603426G,ACRE-Biomass,y22,Early planting date,Plant height,Sampling-2
68_B_ACRE-Biomass_Early planting date_y22_Plant height_Sampling-2,68,B,4,PI603426G,ACRE-Biomass,y22,Early planting date,Plant height,Sampling-2
68_C_ACRE-Biomass_Early planting date_y22_Plant height_Sampling-2,68,C,4,PI603426G,ACRE-Biomass,y22,Early planting date,Plant height,Sampling-2
68_D_ACRE-Biomass_Early planting date_y22_Plant height_Sampling-2,68,D,4,PI603426G,ACRE-Biomass,y22,Early planting date,Plant height,Sampling-2
69_A_ACRE-Biomass_Early planting date_y22_Plant height_Sampling-2,69,A,13,PI378684A,ACRE-Biomass,y22,Early planting date,Plant height,Sampling-2
69_B_ACRE-Biomass_Early planting date_y22_Plant height_Sampling-2,69,B,13,PI378684A,ACRE-Biomass,y22,Early planting date,Plant height,Sampling-2
69_C_ACRE-Biomass_Early planting date_y22_Plant height_Sampling-2,69,C,13,PI378684A,ACRE-Biomass,y22,Early planting date,Plant height,Sampling-2
69_D_ACRE-Biomass_Early planting date_y22_Plant height_Sampling-2,69,D,13,PI378684A,ACRE-Biomass,y22,Early planting date,Plant height,Sampling-2
70_A_ACRE-Biomass_Early planting date_y22_Plant height_Sampling-2,70,A,7,PI407708A,ACRE-Biomass,y22,Early planting date,Plant height,Sampling-2
70_B_ACRE-Biomass_Early planting date_y22_Plant height_Sampling-2,70,B,7,PI407708A,ACRE-Biomass,y22,Early planting date,Plant height,Sampling-2
70_C_ACRE-Biomass_Early planting date_y22_Plant height_Sampling-2,70,C,7,PI407708A,ACRE-Biomass,y22,Early planting date,Plant height,Sampling-2
70_D_ACRE-Biomass_Early planting date_y22_Plant height_Sampling-2,70,D,7,PI407708A,ACRE-Biomass,y22,Early planting date,Plant height,Sampling-2
71_A_ACRE-Biomass_Early planting date_y22_Plant height_Sampling-2,71,A,20,CR16-0042,ACRE-Biomass,y22,Early planting date,Plant height,Sampling-2
71_B_ACRE-Biomass_Early planting date_y22_Plant height_Sampling-2,71,B,20,CR16-0042,ACRE-Biomass,y22,Early planting date,Plant height,Sampling-2
71_C_ACRE-Biomass_Early planting date_y22_Plant height_Sampling-2,71,C,20,CR16-0042,ACRE-Biomass,y22,Early planting date,Plant height,Sampling-2
71_D_ACRE-Biomass_Early planting date_y22_Plant height_Sampling-2,71,D,20,CR16-0042,ACRE-Biomass,y22,Early planting date,Plant height,Sampling-2
72_A_ACRE-Biomass_Early planting date_y22_Plant height_Sampling-2,72,A,25,SA1811280,ACRE-Biomass,y22,Early planting date,Plant height,Sampling-2
72_B_ACRE-Biomass_Early planting date_y22_Plant height_Sampling-2,72,B,25,SA1811280,ACRE-Biomass,y22,Early planting date,Plant height,Sampling-2
72_C_ACRE-Biomass_Early planting date_y22_Plant height_Sampling-2,72,C,25,SA1811280,ACRE-Biomass,y22,Early planting date,Plant height,Sampling-2
72_D_ACRE-Biomass_Early planting date_y22_Plant height_Sampling-2,72,D,25,SA1811280,ACRE-Biomass,y22,Early planting date,Plant height,Sampling-2
73_A_ACRE-Biomass_Early planting date_y22_Plant height_Sampling-2,73,A,24,E19517GT,ACRE-Biomass,y22,Early planting date,Plant height,Sampling-2
73_B_ACRE-Biomass_Early planting date_y22_Plant height_Sampling-2,73,B,24,E19517GT,ACRE-Biomass,y22,Early planting date,Plant height,Sampling-2
73_C_ACRE-Biomass_Early planting date_y22_Plant height_Sampling-2,73,C,24,E19517GT,ACRE-Biomass,y22,Early planting date,Plant height,Sampling-2
73_D_ACRE-Biomass_Early planting date_y22_Plant height_Sampling-2,73,D,24,E19517GT,ACRE-Biomass,y22,Early planting date,Plant height,Sampling-2
74_A_ACRE-Biomass_Early planting date_y22_Plant height_Sampling-2,74,A,23,LD-07-3395bf,ACRE-Biomass,y22,Early planting date,Plant height,Sampling-2
74_B_ACRE-Biomass_Early planting date_y22_Plant height_Sampling-2,74,B,23,LD-07-3395bf,ACRE-Biomass,y22,Early planting date,Plant height,Sampling-2
74_C_ACRE-Biomass_Early planting date_y22_Plant height_Sampling-2,74,C,23,LD-07-3395bf,ACRE-Biomass,y22,Early planting date,Plant height,Sampling-2
74_D_ACRE-Biomass_Early planting date_y22_Plant height_Sampling-2,74,D,23,LD-07-3395bf,ACRE-Biomass,y22,Early planting date,Plant height,Sampling-2
75_A_ACRE-Biomass_Early planting date_y22_Plant height_Sampling-2,75,A,8,PI6548362,ACRE-Biomass,y22,Early planting date,Plant height,Sampling-2
75_B_ACRE-Biomass_Early planting date_y22_Plant height_Sampling-2,75,B,8,PI6548362,ACRE-Biomass,y22,Early planting date,Plant height,Sampling-2
75_C_ACRE-Biomass_Early planting date_y22_Plant height_Sampling-2,75,C,8,PI6548362,ACRE-Biomass,y22,Early planting date,Plant height,Sampling-2
75_D_ACRE-Biomass_Early planting date_y22_Plant height_Sampling-2,75,D,8,PI6548362,ACRE-Biomass,y22,Early planting date,Plant height,Sampling-2
